{
  "board_colors": [
    [
      157.953125,
      153.2075,
      139.040625
    ],
    [
      166.130625,
      159.995,
      143.59
    ],
    [
      170.8375,
      164.771875,
      150.8025
    ],
    [
      164.811875,
      158.796875,
      144.77875
    ]
  ],
  "piece_colors": [
    [
      76.1275,
      73.58875,
      60.820625
    ],
    [
      74.621875,
      72.6425,
      62.21625
    ],
    [
      82.215,
      76.391875,
      64.43125
    ],
    [
      80.056875,
      76.630625,
      61.999375
    ]
  ],
  "avg_board_color": [
    164.93328125,
    159.1928125,
    144.55296875
  ],
  "avg_piece_color": [
    78.2553125,
    74.81343749999999,
    62.36687500000001
  ],
  "color_threshold": 108.45624134533992
}