{
  "board_colors": [
    [
      125.37625,
      114.13875,
      100.519375
    ],
    [
      155.39625,
      142.21375,
      127.641875
    ],
    [
      153.018125,
      142.58625,
      131.203125
    ],
    [
      96.43375,
      89.935,
      82.058125
    ],
    [
      78.74,
      73.3675,
      67.621875
    ],
    [
      66.79125,
      63.325625,
      59.890625
    ],
    [
      61.344375,
      59.446875,
      53.625
    ],
    [
      66.415,
      62.724375,
      57.796875
    ]
  ],
  "piece_colors": [
    [
      204.415,
      189.7125,
      196.066875
    ],
    [
      199.366875,
      185.055,
      188.750625
    ],
    [
      190.925,
      178.969375,
      180.736875
    ],
    [
      224.756875,
      204.799375,
      213.914375
    ],
    [
      190.2925,
      176.83375,
      177.266875
    ],
    [
      219.733125,
      199.7775,
      208.486875
    ],
    [
      171.93375,
      158.283125,
      157.97625
    ],
    [
      145.46625,
      136.321875,
      133.239375
    ],
    [
      186.550625,
      174.345,
      175.338125
    ],
    [
      204.874375,
      188.144375,
      192.65125
    ],
    [
      203.13875,
      191.333125,
      189.744375
    ],
    [
      77.24875,
      72.56125,
      205.491875
    ],
    [
      84.243125,
      77.156875,
      209.0875
    ],
    [
      90.690625,
      80.846875,
      195.38375
    ],
    [
      67.233125,
      59.088125,
      198.87
    ],
    [
      76.87375,
      61.3675,
      215.8925
    ],
    [
      91.250625,
      78.40875,
      222.1375
    ],
    [
      92.501875,
      80.195,
      217.846875
    ],
    [
      111.685,
      96.81875,
      230.766875
    ],
    [
      75.80625,
      67.3575,
      206.336875
    ]
  ],
  "avg_board_color": [
    100.439375,
    93.467265625,
    85.044609375
  ],
  "avg_piece_color": [
    145.44931250000005,
    132.86878125000004,
    195.79928124999998
  ],
  "color_threshold": 78.4789672800359
}