{
  "board_colors": [
    [
      136.836875,
      129.71625,
      114.893125
    ],
    [
      150.606875,
      142.2675,
      129.805
    ],
    [
      134.95875,
      127.83125,
      118.15125
    ],
    [
      80.82625,
      80.96625,
      74.798125
    ],
    [
      99.3075,
      94.054375,
      88.53125
    ],
    [
      69.529375,
      69.595625,
      68.1375
    ],
    [
      53.733125,
      55.314375,
      52.04
    ],
    [
      61.625,
      60.320625,
      55.7775
    ],
    [
      75.08375,
      71.975625,
      66.71
    ],
    [
      155.66875,
      148.265,
      138.150625
    ]
  ],
  "piece_colors": [
    [
      210.963125,
      201.556875,
      199.65625
    ],
    [
      223.334375,
      212.33,
      215.906875
    ],
    [
      201.2525,
      192.094375,
      193.023125
    ],
    [
      213.89125,
      204.62,
      198.045
    ],
    [
      149.19125,
      142.9675,
      138.57375
    ],
    [
      188.13625,
      179.856875,
      175.22625
    ],
    [
      221.28125,
      210.233125,
      203.88
    ],
    [
      180.4025,
      171.6675,
      170.49125
    ],
    [
      138.954375,
      131.59,
      128.35875
    ],
    [
      174.224375,
      164.780625,
      162.54375
    ],
    [
      230.184375,
      216.30375,
      219.229375
    ],
    [
      227.244375,
      214.551875,
      217.44875
    ],
    [
      192.2975,
      181.353125,
      179.770625
    ],
    [
      108.93375,
      102.58625,
      229.463125
    ],
    [
      101.819375,
      93.3,
      230.384375
    ],
    [
      78.3425,
      64.59875,
      219.16875
    ],
    [
      78.589375,
      70.64375,
      215.238125
    ],
    [
      85.0475,
      82.58125,
      230.943125
    ],
    [
      78.153125,
      73.1825,
      212.009375
    ],
    [
      75.55,
      71.66125,
      212.5675
    ],
    [
      110.34,
      104.216875,
      241.83875
    ],
    [
      106.873125,
      95.661875,
      230.531875
    ]
  ],
  "avg_board_color": [
    101.81762499999999,
    98.0306875,
    90.69943750000002
  ],
  "avg_piece_color": [
    153.409375,
    144.65173295454548,
    201.10448863636367
  ],
  "color_threshold": 76.49028856730439
}