{
  "board_colors": [
    [
      130.185625,
      109.874375,
      73.814375
    ],
    [
      171.153125,
      146.383125,
      108.17
    ],
    [
      159.1,
      138.49875,
      99.59
    ],
    [
      169.410625,
      149.635625,
      110.5375
    ],
    [
      177.2075,
      154.525,
      114.233125
    ],
    [
      149.845,
      129.710625,
      93.386875
    ],
    [
      118.44875,
      101.3625,
      69.57625
    ],
    [
      90.42,
      80.155625,
      55.719375
    ],
    [
      80.41875,
      70.566875,
      50.075625
    ],
    [
      101.328125,
      88.601875,
      61.406875
    ],
    [
      128.604375,
      112.398125,
      79.39875
    ],
    [
      147.900625,
      123.945,
      86.423125
    ],
    [
      175.575625,
      154.640625,
      114.045625
    ]
  ],
  "piece_colors": [
    [
      206.295625,
      193.821875,
      183.22125
    ],
    [
      225.33125,
      210.153125,
      200.41375
    ],
    [
      223.035,
      206.07125,
      183.908125
    ],
    [
      224.993125,
      207.46875,
      204.65125
    ],
    [
      232.029375,
      214.87375,
      208.074375
    ],
    [
      225.15875,
      208.099375,
      188.733125
    ],
    [
      225.811875,
      211.891875,
      194.710625
    ],
    [
      211.235625,
      198.336875,
      176.0025
    ],
    [
      195.154375,
      176.41125,
      153.911875
    ],
    [
      215.818125,
      197.6975,
      174.685
    ],
    [
      202.7575,
      185.828125,
      167.858125
    ],
    [
      227.663125,
      209.565625,
      195.16375
    ],
    [
      226.770625,
      208.645,
      194.121875
    ],
    [
      219.463125,
      203.11,
      191.513125
    ],
    [
      223.014375,
      206.135,
      191.019375
    ],
    [
      210.689375,
      194.509375,
      180.8
    ],
    [
      109.836875,
      97.116875,
      215.54625
    ],
    [
      84.6975,
      78.011875,
      207.368125
    ],
    [
      105.068125,
      91.06875,
      201.525625
    ],
    [
      95.491875,
      86.595625,
      213.09875
    ],
    [
      77.505,
      70.45,
      202.4875
    ],
    [
      100.058125,
      85.380625,
      202.364375
    ],
    [
      69.00375,
      65.130625,
      197.51875
    ],
    [
      64.16375,
      58.734375,
      186.361875
    ],
    [
      45.6425,
      41.2925,
      185.2225
    ],
    [
      74.316875,
      66.86875,
      204.60375
    ],
    [
      70.21,
      63.498125,
      206.63
    ],
    [
      68.6,
      60.9825,
      208.400625
    ],
    [
      73.645625,
      63.64375,
      210.856875
    ],
    [
      82.025625,
      70.918125,
      209.345625
    ],
    [
      112.705625,
      101.23625,
      205.9925
    ],
    [
      84.59875,
      75.52,
      209.22125
    ]
  ],
  "avg_board_color": [
    138.43062500000002,
    120.02293269230769,
    85.87519230769232
  ],
  "avg_piece_color": [
    150.39972656250006,
    137.78335937500003,
    195.479140625
  ],
  "color_threshold": 93.92237376263955
}