{
  "board_colors": [
    [
      143.351875,
      115.365,
      73.905
    ],
    [
      106.033125,
      83.733125,
      52.850625
    ],
    [
      114.27,
      92.631875,
      57.38625
    ],
    [
      120.926875,
      98.674375,
      65.53375
    ],
    [
      138.67875,
      112.105625,
      69.30375
    ],
    [
      157.675,
      129.93,
      85.586875
    ],
    [
      182.405,
      154.080625,
      104.081875
    ]
  ],
  "piece_colors": [
    [
      122.378125,
      96.354375,
      171.0475
    ],
    [
      141.3125,
      110.875625,
      190.206875
    ],
    [
      133.934375,
      105.2875,
      185.86875
    ],
    [
      157.2425,
      127.463125,
      194.880625
    ],
    [
      124.70125,
      97.433125,
      173.2475
    ],
    [
      195.876875,
      179.341875,
      153.17375
    ],
    [
      190.76,
      171.814375,
      139.641875
    ],
    [
      190.14125,
      173.651875,
      147.86625
    ],
    [
      206.554375,
      194.254375,
      164.55125
    ],
    [
      194.10375,
      177.48625,
      151.60875
    ],
    [
      200.246875,
      183.383125,
      157.91875
    ],
    [
      193.761875,
      177.25125,
      148.906875
    ],
    [
      194.286875,
      177.119375,
      144.641875
    ],
    [
      207.013125,
      191.810625,
      160.458125
    ]
  ],
  "avg_board_color": [
    137.6200892857143,
    112.3600892857143,
    72.66401785714287
  ],
  "avg_piece_color": [
    175.16526785714285,
    154.53763392857144,
    163.1441964285714
  ],
  "color_threshold": 58.21486714895865
}