{
  "board_colors": [
    [
      132.489375,
      126.1375,
      108.256875
    ],
    [
      149.850625,
      142.308125,
      123.0525
    ],
    [
      143.823125,
      139.015625,
      119.798125
    ],
    [
      159.614375,
      152.856875,
      133.989375
    ],
    [
      63.10125,
      67.43375,
      56.30125
    ],
    [
      69.495625,
      74.679375,
      65.991875
    ],
    [
      70.3475,
      72.126875,
      60.15125
    ],
    [
      104.180625,
      97.75875,
      81.3375
    ],
    [
      108.353125,
      105.46625,
      89.3775
    ],
    [
      81.835,
      83.324375,
      71.02375
    ],
    [
      160.740625,
      154.754375,
      135.496875
    ],
    [
      150.97875,
      147.6275,
      129.658125
    ],
    [
      153.563125,
      147.468125,
      128.480625
    ]
  ],
  "piece_colors": [
    [
      213.77375,
      207.628125,
      204.895
    ],
    [
      211.12125,
      203.723125,
      197.3675
    ],
    [
      202.633125,
      195.481875,
      188.850625
    ],
    [
      225.41625,
      218.449375,
      212.719375
    ],
    [
      220.2075,
      213.141875,
      207.22
    ],
    [
      186.50875,
      181.183125,
      173.70375
    ],
    [
      192.18625,
      187.101875,
      178.3025
    ],
    [
      173.604375,
      170.809375,
      163.295625
    ],
    [
      148.32875,
      144.790625,
      137.1
    ],
    [
      184.40625,
      180.0975,
      170.923125
    ],
    [
      67.949375,
      83.18,
      165.53375
    ],
    [
      74.476875,
      86.7,
      173.31875
    ],
    [
      104.92375,
      111.21125,
      185.100625
    ],
    [
      79.95375,
      90.955625,
      174.5825
    ],
    [
      66.9775,
      78.043125,
      166.601875
    ],
    [
      83.983125,
      93.49125,
      182.196875
    ],
    [
      77.474375,
      88.245625,
      170.5225
    ],
    [
      85.419375,
      96.024375,
      173.654375
    ],
    [
      63.54375,
      76.3225,
      161.01625
    ],
    [
      93.7375,
      99.715,
      171.595
    ],
    [
      69.51875,
      82.18875,
      167.575625
    ],
    [
      58.31625,
      71.251875,
      160.4475
    ],
    [
      205.15875,
      198.130625,
      190.665
    ],
    [
      196.8125,
      189.771875,
      182.565
    ]
  ],
  "avg_board_color": [
    119.105625,
    116.22749999999999,
    100.22427884615384
  ],
  "avg_piece_color": [
    136.93466145833335,
    139.4849479166667,
    177.48971354166665
  ],
  "color_threshold": 64.31257499713867
}