{
    "frame_index": {
        "min": [
            0
        ],
        "max": [
            343
        ],
        "mean": [
            168.0416852099095
        ],
        "std": [
            97.32664479952525
        ],
        "count": [
            6741
        ],
        "q01": [
            2.965100988479127
        ],
        "q10": [
            33.274200332214704
        ],
        "q50": [
            167.947043435692
        ],
        "q90": [
            302.8091700876043
        ],
        "q99": [
            333.11826943133997
        ]
    },
    "observation.images.side": {
        "min": [
            [
                [
                    0.0
                ]
            ],
            [
                [
                    0.0
                ]
            ],
            [
                [
                    0.0
                ]
            ]
        ],
        "max": [
            [
                [
                    1.0
                ]
            ],
            [
                [
                    1.0
                ]
            ],
            [
                [
                    1.0
                ]
            ]
        ],
        "mean": [
            [
                [
                    0.4501653019812091
                ]
            ],
            [
                [
                    0.4273324530228758
                ]
            ],
            [
                [
                    0.42869177236519607
                ]
            ]
        ],
        "std": [
            [
                [
                    0.0027942073472443257
                ]
            ],
            [
                [
                    0.0020240212100974056
                ]
            ],
            [
                [
                    0.004726924568928732
                ]
            ]
        ],
        "count": [
            2000
        ],
        "q01": [
            [
                [
                    0.0424955918914563
                ]
            ],
            [
                [
                    0.05079709888581671
                ]
            ],
            [
                [
                    0.042480959636226646
                ]
            ]
        ],
        "q10": [
            [
                [
                    0.11529952446478184
                ]
            ],
            [
                [
                    0.11944588543590298
                ]
            ],
            [
                [
                    0.13100907307797
                ]
            ]
        ],
        "q50": [
            [
                [
                    0.47430956788162576
                ]
            ],
            [
                [
                    0.4515624213109465
                ]
            ],
            [
                [
                    0.44902520498464665
                ]
            ]
        ],
        "q90": [
            [
                [
                    0.6848921946577522
                ]
            ],
            [
                [
                    0.6660695648255752
                ]
            ],
            [
                [
                    0.6666409483355124
                ]
            ]
        ],
        "q99": [
            [
                [
                    0.8301500350512815
                ]
            ],
            [
                [
                    0.7964744147323296
                ]
            ],
            [
                [
                    0.813686507827766
                ]
            ]
        ]
    },
    "episode_index": {
        "min": [
            0
        ],
        "max": [
            19
        ],
        "mean": [
            9.497107254116601
        ],
        "std": [
            5.753828386856281
        ],
        "count": [
            6741
        ],
        "q01": [
            9.497107254116601
        ],
        "q10": [
            9.497107254116601
        ],
        "q50": [
            9.49710725411662
        ],
        "q90": [
            9.497107254116637
        ],
        "q99": [
            9.497107254116639
        ]
    },
    "timestamp": {
        "min": [
            0.0
        ],
        "max": [
            11.433333333333334
        ],
        "mean": [
            5.601389506996982
        ],
        "std": [
            3.2442214933175073
        ],
        "count": [
            6741
        ],
        "q01": [
            0.09883669952101007
        ],
        "q10": [
            1.1091400109962979
        ],
        "q50": [
            5.598234781189678
        ],
        "q90": [
            10.093639002997673
        ],
        "q99": [
            11.10394231447296
        ]
    },
    "observation.images.top": {
        "min": [
            [
                [
                    0.0
                ]
            ],
            [
                [
                    0.0
                ]
            ],
            [
                [
                    0.0
                ]
            ]
        ],
        "max": [
            [
                [
                    1.0
                ]
            ],
            [
                [
                    0.9607843137254902
                ]
            ],
            [
                [
                    1.0
                ]
            ]
        ],
        "mean": [
            [
                [
                    0.42798881107026143
                ]
            ],
            [
                [
                    0.3625542697099673
                ]
            ],
            [
                [
                    0.3630625983455883
                ]
            ]
        ],
        "std": [
            [
                [
                    0.0026965066217231274
                ]
            ],
            [
                [
                    0.0016017044799264942
                ]
            ],
            [
                [
                    0.0033128749505577327
                ]
            ]
        ],
        "count": [
            2000
        ],
        "q01": [
            [
                [
                    0.08780944514304657
                ]
            ],
            [
                [
                    0.09063162441164715
                ]
            ],
            [
                [
                    0.07372459703881906
                ]
            ]
        ],
        "q10": [
            [
                [
                    0.19274856314552297
                ]
            ],
            [
                [
                    0.22077709446633573
                ]
            ],
            [
                [
                    0.2003849384506974
                ]
            ]
        ],
        "q50": [
            [
                [
                    0.38825312966993797
                ]
            ],
            [
                [
                    0.3519258838053113
                ]
            ],
            [
                [
                    0.32549889958385714
                ]
            ]
        ],
        "q90": [
            [
                [
                    0.7001521147284003
                ]
            ],
            [
                [
                    0.5011903116440022
                ]
            ],
            [
                [
                    0.5458665574064744
                ]
            ]
        ],
        "q99": [
            [
                [
                    0.8867292602706109
                ]
            ],
            [
                [
                    0.8387232043910153
                ]
            ],
            [
                [
                    0.8992121308821619
                ]
            ]
        ]
    },