{
    "action": {
        "min": [
            -14.332466125488281,
            -100.69607543945312,
            0.3698310852050781,
            48.4079704284668,
            3.923614501953125,
            0.7364082336425781
        ],
        "max": [
            80.87786865234375,
            3.122791290283203,
            100.42914581298828,
            95.24907684326172,
            52.66856384277344,
            18.30401611328125
        ],
        "mean": [
            45.21889114379883,
            -69.37483978271484,
            66.84677124023438,
            64.48216247558594,
            21.416728973388672,
            3.740288496017456
        ],
        "std": [
            37.94330978393555,
            36.50720977783203,
            32.41061782836914,
            14.645085334777832,
            18.235374450683594,
            3.500281572341919
        ],
        "count": [
            1923
        ],
        "q01": [
            -13.863745970726013,
            -100.10311496734619,
            8.999546356201172,
            49.200123672485354,
            5.729419875144958,
            0.9410005831718444
        ],
        "q10": [
            -11.612116222381593,
            -99.41572828292847,
            21.808539581298827,
            49.84370286729601,
            6.6586936712265015,
            1.352826319138209
        ],
        "q50": [
            72.07091522216797,
            -94.71091842651367,
            81.84812927246094,
            57.68016815185547,
            8.420335531234741,
            1.744496097167333
        ],
        "q90": [
            77.10341796875,
            -12.913067626953124,
            99.45528346470424,
            84.90515098571777,
            49.03389472961426,
            9.578887748718262
        ],
        "q99": [
            80.26414428710937,
            -1.4500126647949223,
            100.0165975189209,
            92.47392875671386,
            51.71204061508179,
            14.733469657897949
        ]
    },
    "observation.state": {
        "min": [
            -14.144737243652344,
            -99.06462860107422,
            7.078853130340576,
            49.554141998291016,
            3.8593063354492188,
            2.0658488273620605
        ],
        "max": [
            80.6743392944336,
            3.4863946437835693,
            99.01433563232422,
            94.30998229980469,
            52.173912048339844,
            17.430601119995117
        ],
        "mean": [
            46.015071868896484,
            -69.9439697265625,
            69.30530548095703,
            64.40947723388672,
            20.92840003967285,
            4.131556034088135
        ],
        "std": [
            37.60103225708008,
            36.23067092895508,
            30.94721221923828,
            14.22311019897461,
            18.003490447998047,
            3.19087553024292
        ],
        "count": [
            1923
        ],
        "q01": [
            -13.882164278030395,
            -99.06462860107422,
            12.268244171142578,
            49.554141998291016,
            5.815178227424622,
            2.130511281214324
        ],
        "q10": [
            -11.758615374565125,
            -98.81571577118665,
            24.898710250854492,
            50.40371080595872,
            6.844698117574056,
            2.1318212323000867
        ],
        "q50": [
            72.13872833251953,
            -95.15743255615234,
            84.59425735473633,
            57.45610536847796,
            8.354980707168579,
            2.2615196910974023
        ],
        "q90": [
            76.96063494682312,
            -12.923812103271484,
            98.8453483811344,
            84.62795181274414,
            49.05079867839813,
            9.424642944335938
        ],
        "q99": [
            80.34434094746908,
            -0.3332156372070316,
            99.00844264984131,
            91.93586715698243,
            51.585303162468804,
            14.461422863006591
        ]
    },
    "observation.images.wrist": {
        "min": [
            [
                [
                    0.0
                ]
            ],
            [
                [
                    0.0
                ]
            ],
            [
                [
                    0.0
                ]
            ]
        ],
        "max": [
            [
                [
                    1.0
                ]
            ],
            [
                [
                    1.0
                ]
            ],
            [
                [
                    1.0
                ]
            ]
        ],
        "mean": [
            [
                [
                    0.21138967911877396
                ]
            ],
            [
                [
                    0.17401489745323417
                ]
            ],
            [
                [
                    0.18296509747577192
                ]
            ]
        ],
        "std": [
            [
                [
                    0.0
                ]
            ],
            [
                [
                    0.0
                ]
            ],
            [
                [
                    0.0
                ]
            ]
        ],
        "count": [
            290
        ],
        "q01": [
            [
                [
                    -3.9215686274509807e-13
                ]
            ],
            [
                [
                    -3.9215686274509807e-13
                ]
            ],
            [
                [
                    -3.9215686274509807e-13
                ]
            ]
        ],
        "q10": [
            [
                [
                    -3.9215686274509807e-13
                ]
            ],
            [
                [
                    0.003831262447456233
                ]
            ],
            [
                [
                    -3.9215686274509807e-13
                ]
            ]
        ],
        "q50": [
            [
                [
                    0.1294373718490438
                ]
            ],
            [
                [
                    0.1295001244871142
                ]
            ],
            [
                [
                    0.10983135033727837
                ]
            ]
        ],
        "q90": [
            [
                [
                    0.52144630925214
                ]
            ],
            [
                [
                    0.4039618246183449
                ]
            ],
            [
                [
                    0.5410483354452574
                ]
            ]
        ],
        "q99": [
            [
                [
                    0.6863496045199202
                ]
            ],
            [
                [
                    0.6704545454546791
                ]
            ],
            [
                [
                    0.7529172098343891
                ]
            ]
        ]
    },
    "observation.images.corner": {
        "min": [
            [
                [
                    0.0
                ]
            ],
            [
                [
                    0.0
                ]
            ],
            [
                [
                    0.0
                ]
            ]
        ],
        "max": [
            [
                [
                    1.0
                ]
            ],
            [
                [
                    1.0
                ]
            ],
            [
                [
                    1.0
                ]
            ]
        ],