{
    "action": {
        "min": [
            -14.056259155273438,
            -101.2574234008789,
            4.261966705322266,
            48.56800842285156,
            4.003015518188477,
            1.2775578498840332
        ],
        "max": [
            82.04471588134766,
            3.9742355346679688,
            100.54011535644531,
            96.79823303222656,
            51.94926071166992,
            15.945745468139648
        ],
        "mean": [
            43.458709716796875,
            -69.51979064941406,
            68.62554168701172,
            65.02304077148438,
            21.652191162109375,
            3.694903612136841
        ],
        "std": [
            38.884185791015625,
            35.38595199584961,
            31.74134063720703,
            15.837693214416504,
            18.25025749206543,
            3.4107723236083984
        ],
        "count": [
            483
        ],
        "q01": [
            -13.732783489227295,
            -101.00844596862792,
            6.992992906570435,
            48.60095037460327,
            4.35618748664856,
            1.2946609818935395
        ],
        "q10": [
            -12.217847728729248,
            -99.47742900848388,
            24.82986879348755,
            48.71414642333984,
            4.618165731430054,
            1.4480022072792054
        ],
        "q50": [
            66.73583602905273,
            -93.45975875854492,
            79.77291870117188,
            60.45675849914551,
            9.888416528701782,
            1.8041458129882812
        ],
        "q90": [
            79.59798660278321,
            -15.373660278320314,
            99.72945861816406,
            86.47407150268555,
            49.24220962524414,
            9.86636848449707
        ],
        "q99": [
            81.66358360290528,
            2.904448394775391,
            100.2336619567871,
            95.39154724121094,
            51.50977851867676,
            15.265641136169434
        ]
    },
    "observation.state": {
        "min": [
            -13.980262756347656,
            -99.06462860107422,
            7.4372758865356445,
            49.554141998291016,
            4.494381904602051,
            2.130406618118286
        ],
        "max": [
            81.74342346191406,
            3.826530694961548,
            99.01433563232422,
            96.26326751708984,
            51.34342956542969,
            15.300193786621094
        ],
        "mean": [
            43.865787506103516,
            -69.8102035522461,
            70.14938354492188,
            65.16309356689453,
            21.463369369506836,
            4.126335144042969
        ],
        "std": [
            38.718910217285156,
            35.0693359375,
            30.4400577545166,
            15.456592559814453,
            18.110706329345703,
            3.2507357597351074
        ],
        "count": [
            483
        ],
        "q01": [
            -13.823926654815674,
            -98.98012595494588,
            8.697925710678101,
            49.554141998291016,
            4.637580847740173,
            2.130406618118286
        ],
        "q10": [
            -12.570061206817627,
            -98.89584948675973,
            27.05857582092285,
            49.554141998291016,
            4.926066562533379,
            2.130406618118286
        ],
        "q50": [
            68.0006955464681,
            -94.21845626831055,
            81.28044128417969,
            59.32413419087728,
            9.718050956726074,
            2.261206540194425
        ],
        "q90": [
            79.36914601045497,
            -16.32573013305664,
            99.00051689147949,
            86.41293462117513,
            49.34214282565647,
            9.748425928751628
        ],
        "q99": [
            81.5028526763916,
            3.8099664390087127,
            99.01295375823975,
            95.24113178253174,
            51.289952774047855,
            14.910591859817504
        ]
    },
    "observation.images.wrist": {
        "min": [
            [
                [
                    0.0
                ]
            ],
            [
                [
                    0.0
                ]
            ],
            [
                [
                    0.0
                ]
            ]
        ],
        "max": [
            [
                [
                    1.0
                ]
            ],
            [
                [
                    1.0
                ]
            ],
            [
                [
                    1.0
                ]
            ]
        ],
        "mean": [
            [
                [
                    0.22250097166698393
                ]
            ],
            [
                [
                    0.17839842312329462
                ]
            ],
            [
                [
                    0.19334846357636906
                ]
            ]
        ],
        "std": [
            [
                [
                    0.0
                ]
            ],
            [
                [
                    0.0
                ]
            ],
            [
                [
                    0.0
                ]
            ]
        ],
        "count": [
            103
        ],
        "q01": [
            [
                [
                    -3.9215686274509807e-13
                ]
            ],
            [
                [
                    -3.9215686274509807e-13
                ]
            ],
            [
                [
                    -3.9215686274509807e-13
                ]
            ]
        ],
        "q10": [
            [
                [
                    -3.9215686274509807e-13
                ]
            ],
            [
                [
                    0.003835710179506533
                ]
            ],
            [
                [
                    -3.9215686274509807e-13
                ]
            ]
        ],
        "q50": [
            [
                [
                    0.13331015945301533
                ]
            ],
            [
                [
                    0.13332728358180193
                ]
            ],
            [
                [
                    0.12149666981548017
                ]
            ]
        ],
        "q90": [
            [
                [
                    0.5450623219157673
                ]
            ],
            [
                [
                    0.41166569862479846
                ]
            ],
            [
                [
                    0.5411122570614472
                ]
            ]
        ],
        "q99": [
            [
                [
                    0.7255659701494306
                ]
            ],
            [
                [
                    0.6627315126051696
                ]
            ],
            [
                [
                    0.7724055737707054
                ]
            ]
        ]
    },
    "observation.images.corner": {
        "min": [
            [
                [
                    0.0
                ]
            ],
            [
                [
                    0.0
                ]
            ],
            [
                [
                    0.0
                ]
            ]
        ],
        "max": [
            [
                [
                    1.0
                ]
            ],
            [
                [
                    1.0
                ]
            ],
            [
                [
                    1.0
                ]
            ]
        ],