{
    "action": {
        "min": [
            -14.239734649658203,
            -101.35368347167969,
            6.051685333251953,
            48.87253952026367,
            0.7165546417236328,
            0.975379467010498
        ],
        "max": [
            82.09405517578125,
            1.4444541931152344,
            100.36074829101562,
            96.93763732910156,
            51.908409118652344,
            16.87643051147461
        ],
        "mean": [
            18.30958366394043,
            -44.454322814941406,
            46.56915283203125,
            73.96272277832031,
            34.25055694580078,
            5.439494609832764
        ],
        "std": [
            37.25591278076172,
            35.01853942871094,
            29.504377365112305,
            13.939671516418457,
            18.753677368164062,
            4.092043876647949
        ],
        "count": [
            321
        ],
        "q01": [
            -13.561352128982543,
            -100.67089881896973,
            9.016950969696046,
            49.00914077758789,
            2.285175380706787,
            1.0460119450092316
        ],
        "q10": [
            -12.349665451049805,
            -99.25454330444336,
            16.710496520996095,
            49.459896087646484,
            5.26341495513916,
            1.3984109830856324
        ],
        "q50": [
            -6.133246183395386,
            -27.616580963134766,
            38.498719215393066,
            77.19730377197266,
            45.80122375488281,
            4.303469181060791
        ],
        "q90": [
            80.33018341064454,
            -4.02646255493164,
            99.52989501953125,
            88.91941833496094,
            50.64857406616211,
            12.261627578735352
        ],
        "q99": [
            81.8202784729004,
            0.7411121368408208,
            100.13243438720703,
            96.13773651123047,
            51.67077774047851,
            15.82947296142578
        ]
    },
    "observation.state": {
        "min": [
            -14.0625,
            -99.06462860107422,
            8.960573196411133,
            49.72399139404297,
            -4.494381904602051,
            2.0658488273620605
        ],
        "max": [
            81.90789794921875,
            1.5306122303009033,
            99.01433563232422,
            96.09342193603516,
            51.441131591796875,
            16.2685604095459
        ],
        "mean": [
            19.31540298461914,
            -44.82986068725586,
            49.131046295166016,
            74.02320098876953,
            33.270633697509766,
            5.933477401733398
        ],
        "std": [
            37.58294677734375,
            34.88127517700195,
            28.6267147064209,
            13.575274467468262,
            19.231874465942383,
            3.7855961322784424
        ],
        "count": [
            321
        ],
        "q01": [
            -13.405870752334595,
            -99.06462860107422,
            11.107635354995727,
            49.72399139404297,
            -4.201168150901794,
            2.0658488273620605
        ],
        "q10": [
            -12.181000542640685,
            -99.06462860107422,
            18.904308891296388,
            50.058529942830404,
            5.568696761131287,
            2.128796105914646
        ],
        "q50": [
            -5.660291433334351,
            -26.781923294067383,
            41.83919906616211,
            76.81764602661133,
            45.38051986694336,
            5.359457492828369
        ],
        "q90": [
            80.75817489624023,
            -6.8811698913574215,
            98.93572938101632,
            88.62284240722656,
            50.71285133361816,
            11.879638671875
        ],
        "q99": [
            81.56998306274414,
            1.4390110588073732,
            99.01219408671061,
            95.92454414367675,
            51.34825045585632,
            15.623159999847411
        ]
    },
    "observation.images.wrist": {
        "min": [
            [
                [
                    0.0
                ]
            ],
            [
                [
                    0.0
                ]
            ],
            [
                [
                    0.0
                ]
            ]
        ],
        "max": [
            [
                [
                    1.0
                ]
            ],
            [
                [
                    1.0
                ]
            ],
            [
                [
                    1.0
                ]
            ]
        ],
        "mean": [
            [
                [
                    0.20318489583333332
                ]
            ],
            [
                [
                    0.1635664031862745
                ]
            ],
            [
                [
                    0.15807961192810457
                ]
            ]
        ],
        "std": [
            [
                [
                    0.0
                ]
            ],
            [
                [
                    0.0
                ]
            ],
            [
                [
                    0.0
                ]
            ]
        ],
        "count": [
            100
        ],
        "q01": [
            [
                [
                    -3.9215686274509807e-13
                ]
            ],
            [
                [
                    -3.9215686274509807e-13
                ]
            ],
            [
                [
                    -3.9215686274509807e-13
                ]
            ]
        ],
        "q10": [
            [
                [
                    0.007830749498271164
                ]
            ],
            [
                [
                    -3.9215686274509807e-13
                ]
            ],
            [
                [
                    -3.9215686274509807e-13
                ]
            ]
        ],
        "q50": [
            [
                [
                    0.14107701172636625
                ]
            ],
            [
                [
                    0.11373043864983326
                ]
            ],
            [
                [
                    0.07059081550409432
                ]
            ]
        ],
        "q90": [
            [
                [
                    0.4941399561477437
                ]
            ],
            [
                [
                    0.3961753305384545
                ]
            ],
            [
                [
                    0.47049637482897816
                ]
            ]
        ],
        "q99": [
            [
                [
                    0.7569129449840202
                ]
            ],
            [
                [
                    0.7491335311574654
                ]
            ],
            [
                [
                    0.8078923766818558
                ]
            ]
        ]
    },
    "observation.images.corner": {
        "min": [
            [
                [
                    0.0
                ]
            ],
            [
                [
                    0.0
                ]
            ],
            [
                [
                    0.0
                ]
            ]
        ],
        "max": [
            [
                [
                    1.0
                ]
            ],
            [
                [
                    1.0
                ]
            ],
            [
                [
                    1.0
                ]
            ]
        ],