{
    "action": {
        "min": [
            9.173962593078613,
            -98.30508422851562,
            -18.341594696044922,
            51.409976959228516,
            12.108559608459473,
            0.1610305905342102
        ],
        "max": [
            92.31062316894531,
            6.186440467834473,
            99.45921325683594,
            99.566162109375,
            35.38622283935547,
            16.66666603088379
        ],
        "mean": [
            44.790985107421875,
            -36.834808349609375,
            46.507808685302734,
            75.2914810180664,
            20.81678581237793,
            3.8701748847961426
        ],
        "std": [
            32.10002517700195,
            37.21260070800781,
            32.6827392578125,
            14.415499687194824,
            6.104020118713379,
            4.869078636169434
        ],
        "count": [
            252
        ],
        "q01": [
            9.244794940948486,
            -98.30508422851562,
            -17.622538452148437,
            51.76171112060547,
            12.16153923034668,
            1.0469871711730958
        ],
        "q10": [
            13.814651012420654,
            -98.21370010375976,
            14.364624786376954,
            52.02334878104074,
            14.092282390594482,
            1.125926129023234
        ],
        "q50": [
            23.639741897583008,
            -38.64042282104492,
            36.90993118286133,
            76.74976348876953,
            18.635394686744327,
            1.2893873850504558
        ],
        "q90": [
            90.10164080168072,
            5.752449798583984,
            99.38382263183594,
            96.96380310058593,
            33.08778762817383,
            12.400224647521974
        ],
        "q99": [
            91.02743764241536,
            6.168886260986328,
            99.45683845214843,
            99.56130944824218,
            35.178961181640624,
            16.66562662124634
        ]
    },
    "observation.state": {
        "min": [
            9.69072151184082,
            -98.21269226074219,
            -15.290933609008789,
            52.33205032348633,
            12.429792404174805,
            1.2777403593063354
        ],
        "max": [
            91.83505249023438,
            6.434316158294678,
            99.45872497558594,
            98.11724090576172,
            34.89621353149414,
            16.274377822875977
        ],
        "mean": [
            44.839134216308594,
            -36.3515739440918,
            47.61873245239258,
            75.47527313232422,
            20.708532333374023,
            4.633549213409424
        ],
        "std": [
            31.949726104736328,
            37.30393600463867,
            32.07721710205078,
            14.104226112365723,
            5.923598766326904,
            4.669600963592529
        ],
        "count": [
            252
        ],
        "q01": [
            9.69072151184082,
            -98.12544050428602,
            -15.118350219726562,
            52.33205032348633,
            12.429792404174805,
            1.2777403593063354
        ],
        "q10": [
            13.899797058105468,
            -97.76738069974459,
            15.833764266967773,
            52.33205032348633,
            14.330564284324646,
            1.2777403593063354
        ],
        "q50": [
            24.21384048461914,
            -38.06159210205078,
            36.943115234375,
            77.40707397460938,
            18.78254763285319,
            1.546707034111023
        ],
        "q90": [
            89.69601745605469,
            6.262696838378907,
            99.20398788452148,
            96.41220092773438,
            32.793762283325194,
            12.439587306976318
        ],
        "q99": [
            91.00506927490234,
            6.432118227481842,
            99.45631530761719,
            98.11579895019531,
            34.70066619873047,
            16.273117713928222
        ]
    },
    "observation.images.wrist": {
        "min": [
            [
                [
                    0.0
                ]
            ],
            [
                [
                    0.0
                ]
            ],
            [
                [
                    0.0
                ]
            ]
        ],
        "max": [
            [
                [
                    1.0
                ]
            ],
            [
                [
                    1.0
                ]
            ],
            [
                [
                    1.0
                ]
            ]
        ],
        "mean": [
            [
                [
                    0.19785646650326796
                ]
            ],
            [
                [
                    0.18018254901960784
                ]
            ],
            [
                [
                    0.15964155433006536
                ]
            ]
        ],
        "std": [
            [
                [
                    0.0
                ]
            ],
            [
                [
                    0.0
                ]
            ],
            [
                [
                    0.0
                ]
            ]
        ],
        "count": [
            100
        ],
        "q01": [
            [
                [
                    0.007812365656214626
                ]
            ],
            [
                [
                    -3.9215686274509807e-13
                ]
            ],
            [
                [
                    -3.9215686274509807e-13
                ]
            ]
        ],
        "q10": [
            [
                [
                    0.01161855124903437
                ]
            ],
            [
                [
                    -3.9215686274509807e-13
                ]
            ],
            [
                [
                    -3.9215686274509807e-13
                ]
            ]
        ],
        "q50": [
            [
                [
                    0.12953326730381212
                ]
            ],
            [
                [
                    0.1295379754791184
                ]
            ],
            [
                [
                    0.05882359133626627
                ]
            ]
        ],
        "q90": [
            [
                [
                    0.5294624643649265
                ]
            ],
            [
                [
                    0.443173195876244
                ]
            ],
            [
                [
                    0.47442189742224933
                ]
            ]
        ],
        "q99": [
            [
                [
                    0.8117395505620422
                ]
            ],
            [
                [
                    0.8392283272285932
                ]
            ],
            [
                [
                    0.8588835025383524
                ]
            ]
        ]
    },
    "observation.images.corner": {
        "min": [
            [
                [
                    0.0
                ]
            ],
            [
                [
                    0.0
                ]
            ],
            [
                [
                    0.0
                ]
            ]
        ],
        "max": [
            [
                [
                    1.0
                ]
            ],
            [
                [
                    1.0
                ]
            ],
            [
                [
                    1.0
                ]
            ]
        ],