{
    "action": {
        "min": [
            -24.324323654174805,
            -100.0,
            -54.75439453125,
            23.991323471069336,
            -8.820459365844727,
            0.0
        ],
        "max": [
            100.0,
            19.406780242919922,
            99.72960662841797,
            100.0,
            63.88309097290039,
            26.40901756286621
        ],
        "mean": [
            34.09244544847067,
            -53.25870721742081,
            58.12745796736652,
            67.66788826261933,
            25.745271685323242,
            5.308223627096729
        ],
        "std": [
            44.119567827400786,
            43.385338424887685,
            36.82712971532811,
            18.487921073545454,
            20.606827967250418,
            5.980228117489471
        ],
        "count": [
            5167
        ],
        "q01": [
            -14.808135960194555,
            -99.10787233332434,
            -12.184387415161853,
            41.505697163739356,
            -0.05036097454218147,
            1.1274026743622048
        ],
        "q10": [
            -12.006669379379968,
            -98.8885463803785,
            14.89109600867066,
            48.67571596162374,
            4.491936654541275,
            1.188535456466051
        ],
        "q50": [
            38.93562296247003,
            -59.113869138554875,
            49.74170294939091,
            67.96934400845086,
            22.181757500964462,
            1.6233124806907986
        ],
        "q90": [
            80.74385726249626,
            -0.5216292196187361,
            99.15100737025918,
            93.28662272550459,
            48.96318512416893,
            15.813080468559397
        ],
        "q99": [
            86.54916524923631,
            6.310626061329654,
            99.30017648937185,
            99.71941967955087,
            51.51177524198241,
            19.236374729052994
        ]
    },
    "observation.images.wrist": {
        "min": [
            [
                [
                    0.0
                ]
            ],
            [
                [
                    0.0
                ]
            ],
            [
                [
                    0.0
                ]
            ]
        ],
        "max": [
            [
                [
                    1.0
                ]
            ],
            [
                [
                    1.0
                ]
            ],
            [
                [
                    1.0
                ]
            ]
        ],
        "mean": [
            [
                [
                    0.24339152808415035
                ]
            ],
            [
                [
                    0.18627587602124185
                ]
            ],
            [
                [
                    0.19021492218137262
                ]
            ]
        ],
        "std": [
            [
                [
                    0.005107267350462386
                ]
            ],
            [
                [
                    0.00612503121930003
                ]
            ],
            [
                [
                    0.007691935052367684
                ]
            ]
        ],
        "count": [
            2000
        ],
        "q01": [
            [
                [
                    -3.9215686274509787e-13
                ]
            ],
            [
                [
                    -3.9215686274509787e-13
                ]
            ],
            [
                [
                    -3.9215686274509787e-13
                ]
            ]
        ],
        "q10": [
            [
                [
                    0.008532980307632025
                ]
            ],
            [
                [
                    0.0036645170668931407
                ]
            ],
            [
                [
                    -3.9215686274509787e-13
                ]
            ]
        ],
        "q50": [
            [
                [
                    0.18195784850979452
                ]
            ],
            [
                [
                    0.134694567912852
                ]
            ],
            [
                [
                    0.11313845279443431
                ]
            ]
        ],
        "q90": [
            [
                [
                    0.5403733575890924
                ]
            ],
            [
                [
                    0.4180666081783521
                ]
            ],
            [
                [
                    0.5564522808366859
                ]
            ]
        ],
        "q99": [
            [
                [
                    0.7529110379493995
                ]
            ],
            [
                [
                    0.7841307545000573
                ]
            ],
            [
                [
                    0.8588136307575259
                ]
            ]
        ]
    },
    "observation.images.side": {
        "min": [
            [
                [
                    0.0
                ]
            ],
            [
                [
                    0.0
                ]
            ],
            [
                [
                    0.0
                ]
            ]
        ],
        "max": [
            [
                [
                    1.0
                ]
            ],
            [
                [
                    0.984313725490196
                ]
            ],
            [
                [
                    1.0
                ]
            ]
        ],
        "mean": [
            [
                [
                    0.44325212030228756
                ]
            ],
            [
                [
                    0.43227711294934634
                ]
            ],
            [
                [
                    0.4326625723039215
                ]
            ]
        ],
        "std": [
            [
                [
                    0.003910140215901951
                ]
            ],
            [
                [
                    0.0036842187098732352
                ]
            ],
            [
                [
                    0.004592969190684452
                ]
            ]
        ],
        "count": [
            2000
        ],
        "q01": [
            [
                [
                    0.04306031683060162
                ]
            ],
            [
                [
                    0.05388134465742977
                ]
            ],
            [
                [
                    0.04311532754757436
                ]
            ]
        ],
        "q10": [
            [
                [
                    0.10928123748493367
                ]
            ],
            [
                [
                    0.11805136775254499
                ]
            ],
            [
                [
                    0.12688230115794777
                ]
            ]
        ],
        "q50": [
            [
                [
                    0.47114755603086994
                ]
            ],
            [
                [
                    0.45978725549525107
                ]
            ],
            [
                [
                    0.4548881525483961
                ]
            ]
        ],
        "q90": [
            [
                [
                    0.6783054196055901
                ]
            ],
            [
                [
                    0.6731368095086477
                ]
            ],
            [
                [
                    0.6727138474166872
                ]
            ]
        ],