{
    "index": {
        "min": [
            0
        ],
        "max": [
            5097
        ],
        "mean": [
            2548.5
        ],
        "std": [
            1471.665807851769
        ],
        "count": [
            5098
        ],
        "q01": [
            2423.5015682227345
        ],
        "q10": [
            2446.7698553941927
        ],
        "q50": [
            2548.1900197724594
        ],
        "q90": [
            2650.182591840017
        ],
        "q99": [
            2673.4984317772655
        ]
    },
    "timestamp": {
        "min": [
            0.0
        ],
        "max": [
            8.8
        ],
        "mean": [
            4.23320256309664
        ],
        "std": [
            2.45544828066052
        ],
        "count": [
            5098
        ],
        "q01": [
            0.06658817042596213
        ],
        "q10": [
            0.8421977428256108
        ],
        "q50": [
            4.2228698888450555
        ],
        "q90": [
            7.622622291174616
        ],
        "q99": [
            8.399816955767319
        ]
    },
    "episode_index": {
        "min": [
            0
        ],
        "max": [
            19
        ],
        "mean": [
            9.461749705766966
        ],
        "std": [
            5.763466350113843
        ],
        "count": [
            5098
        ],
        "q01": [
            9.461749705766966
        ],
        "q10": [
            9.46174970576697
        ],
        "q50": [
            9.46174970576699
        ],
        "q90": [
            9.461749705767005
        ],
        "q99": [
            9.461749705767007
        ]
    },
    "observation.images.corner": {
        "min": [
            [
                [
                    0.0
                ]
            ],
            [
                [
                    0.0
                ]
            ],
            [
                [
                    0.0
                ]
            ]
        ],
        "max": [
            [
                [
                    1.0
                ]
            ],
            [
                [
                    1.0
                ]
            ],
            [
                [
                    1.0
                ]
            ]
        ],
        "mean": [
            [
                [
                    0.5339923623366012
                ]
            ],
            [
                [
                    0.46163386805555556
                ]
            ],
            [
                [
                    0.3861406518586602
                ]
            ]
        ],
        "std": [
            [
                [
                    0.010284036117438928
                ]
            ],
            [
                [
                    0.007928844526615627
                ]
            ],
            [
                [
                    0.007010094570083924
                ]
            ]
        ],
        "count": [
            2000
        ],
        "q01": [
            [
                [
                    0.034336766835604646
                ]
            ],
            [
                [
                    0.035874650310405036
                ]
            ],
            [
                [
                    0.02163016703946689
                ]
            ]
        ],
        "q10": [
            [
                [
                    0.1557101554958613
                ]
            ],
            [
                [
                    0.145298768890705
                ]
            ],
            [
                [
                    0.1309890198149483
                ]
            ]
        ],
        "q50": [
            [
                [
                    0.5844954848869575
                ]
            ],
            [
                [
                    0.4872517685361279
                ]
            ],
            [
                [
                    0.3969198454974164
                ]
            ]
        ],
        "q90": [
            [
                [
                    0.7948512746064397
                ]
            ],
            [
                [
                    0.7160838974932324
                ]
            ],
            [
                [
                    0.5921452068583687
                ]
            ]
        ],
        "q99": [
            [
                [
                    0.9998544767846971
                ]
            ],
            [
                [
                    0.9998417935374834
                ]
            ],
            [
                [
                    0.9998279308768806
                ]
            ]
        ]
    },
    "observation.images.side": {
        "min": [
            [
                [
                    0.0
                ]
            ],
            [
                [
                    0.0
                ]
            ],
            [
                [
                    0.0
                ]
            ]
        ],
        "max": [
            [
                [
                    1.0
                ]
            ],
            [
                [
                    0.9921568627450981
                ]
            ],
            [
                [
                    1.0
                ]
            ]
        ],
        "mean": [
            [
                [
                    0.4253695703635621
                ]
            ],
            [
                [
                    0.4114725608660131
                ]
            ],
            [
                [
                    0.4201416440972223
                ]
            ]
        ],
        "std": [
            [
                [
                    0.008643456142152242
                ]
            ],
            [
                [
                    0.007305277945151634
                ]
            ],
            [
                [
                    0.00660028036527932
                ]
            ]
        ],
        "count": [
            2000
        ],
        "q01": [
            [
                [
                    0.042107547024029565
                ]
            ],
            [
                [
                    0.050731765981865275
                ]
            ],
            [
                [
                    0.04138063631687545
                ]
            ]
        ],
        "q10": [
            [
                [
                    0.09489383492516801
                ]
            ],
            [
                [
                    0.10373332425019083
                ]
            ],
            [
                [
                    0.10530563941199242
                ]
            ]
        ],
        "q50": [
            [
                [
                    0.470569534454624
                ]
            ],
            [
                [
                    0.44687310995866647
                ]
            ],
            [
                [
                    0.4543191764501845
                ]
            ]
        ],
        "q90": [
            [
                [
                    0.6598138707291885
                ]
            ],
            [
                [
                    0.6525431941185176
                ]
            ],
            [
                [
                    0.6572767891793305
                ]
            ]
        ],
        "q99": [
            [
                [
                    0.7945109480604697
                ]
            ],
            [
                [
                    0.7460925494817962
                ]
            ],
            [
                [
                    0.7883992473889613
                ]
            ]
        ]
    },